Player,TEAM,AGE,FGM_restricted,FGA_restricted,FG%_restricted,FGM_paint_non_ra,FGA_paint_non_ra,FG%_paint_non_ra,FGM_mid_range,FGA_mid_range,FG%_mid_range,FGM_left_corner_three,FGA_left_corner_three,FG%_left_corner_three,FGM_right_corner_three,FGA_right_corner_three,FG%_right_corner_three,FGM_corner_three,FGA_corner_three,FG%_corner_three,FGM_above_the_break_three,FGA_above_the_break_three,FG%_above_the_break_three
Aaron Gordon,ORL,23,243,383,63.4,48,140,34.3,58,176,33.0,17,52,32.7,19,40,47.5,36,92,39.1,85,251,33.9
Aaron Holiday,IND,22,30,52,57.7,13,36,36.1,19,47,40.4,2,6,33.3,3,10,30.0,5,16,31.3,38,110,34.5
Abdel Nader,OKC,25,43,78,55.1,14,30,46.7,2,8,25.0,6,20,30.0,9,20,45.0,15,40,37.5,17,58,29.3
Al Horford,BOS,33,148,206,71.8,73,143,51.0,93,170,54.7,4,9,44.4,2,12,16.7,6,21,28.6,67,182,36.8
Al-Farouq Aminu,POR,28,134,222,60.4,20,57,35.1,7,35,20.0,15,46,32.6,17,48,35.4,32,94,34.0,64,185,34.6
Alan Williams,BKN,26,4,5,80.0,3,6,50.0,1,1,100,0,0,0.0,0,0,0.0,0,0,,0,1,0.0
Alec Burks,SAC,27,89,157,56.7,20,77,26.0,22,72,30.6,8,24,33.3,4,10,40.0,12,34,35.3,49,132,37.1
Alex Abrines,OKC,25,10,18,55.6,0,2,0.0,5,10,50.0,5,15,33.3,5,12,41.7,10,27,37.0,31,98,31.6
Alex Caruso,LAL,25,40,80,50.0,7,25,28.0,6,18,33.3,3,7,42.9,1,5,20.0,4,12,33.3,20,38,52.6
Alex Len,ATL,26,214,345,62.0,23,68,33.8,9,31,29.0,14,40,35.0,24,64,37.5,38,104,36.5,36,99,36.4
Alex Poythress,ATL,25,30,53,56.6,1,3,33.3,0,2,0.0,4,11,36.4,4,7,57.1,8,18,44.4,1,5,20.0
Alfonzo McKinnie,GSW,26,79,119,66.4,7,19,36.8,6,19,31.6,16,37,43.2,6,26,23.1,22,63,34.9,20,55,36.4
Alize Johnson,IND,23,2,6,33.3,1,3,33.3,0,5,0.0,1,1,100,0,0,0.0,1,1,100,0,1,0.0
Allen Crabbe,BKN,27,20,36,55.6,7,26,26.9,13,53,24.5,15,29,51.7,15,32,46.9,30,61,49.2,67,195,34.4
Allonzo Trier,NYK,23,118,212,55.7,15,49,30.6,47,125,37.6,3,11,27.3,5,11,45.5,8,22,36.4,44,110,40.0
Amile Jefferson,ORL,26,9,12,75.0,1,4,25.0,0,0,0.0,0,0,0.0,0,0,0.0,0,0,,0,0,0.0
Amir Johnson,PHI,32,52,75,69.3,13,38,34.2,2,4,50.0,0,3,0.0,1,4,25.0,1,7,14.3,11,32,34.4
Andre Drummond,DET,25,459,745,61.6,88,232,37.9,9,37,24.3,1,4,25.0,0,3,0.0,1,7,14.3,4,24,16.7
Andre Iguodala,GSW,35,90,108,83.3,5,17,29.4,8,33,24.2,11,31,35.5,14,30,46.7,25,61,41.0,23,82,28.0
Andre Ingram,LAL,33,0,0,0.0,0,1,0.0,0,2,0.0,0,1,0.0,0,0,0.0,0,1,0.0,0,2,0.0
Andrew Bogut,GSW,34,13,24,54.2,4,10,40.0,1,2,50.0,0,0,0.0,0,0,0.0,0,0,,0,0,0.0
Andrew Harrison,NOP,24,8,14,57.1,2,5,40.0,1,9,11.1,0,1,0.0,1,3,33.3,1,4,25.0,4,20,20.0
Andrew Wiggins,MIN,24,210,360,58.3,60,184,32.6,111,320,34.7,23,39,59.0,6,22,27.3,29,61,47.5,88,282,31.2
Anfernee Simons,POR,20,9,12,75.0,3,10,30.0,6,12,50.0,2,5,40.0,0,0,0.0,2,5,40.0,8,24,33.3
Angel Delgado,LAC,24,1,4,25.0,0,1,0.0,0,0,0.0,0,0,0.0,,,,0,0,,0,0,0.0
Ante Zizic,CLE,22,135,206,65.5,34,91,37.4,14,34,41.2,0,0,0.0,0,0,0.0,0,0,,0,0,0.0
Anthony Davis,NOP,26,307,429,71.6,92,218,42.2,83,234,35.5,5,6,83.3,1,5,20.0,6,11,54.5,42,133,31.6
Anthony Tolliver,MIN,34,12,25,48.0,2,9,22.2,4,9,44.4,10,29,34.5,11,32,34.4,21,61,34.4,60,155,38.7
Antonio Blakeney,CHI,22,41,66,62.1,49,117,41.9,41,123,33.3,16,31,51.6,4,8,50.0,20,39,51.3,15,50,30.0
Aron Baynes,BOS,32,63,115,54.8,13,28,46.4,8,19,42.1,2,5,40.0,2,6,33.3,4,11,36.4,17,50,34.0
Austin Rivers,HOU,26,89,149,59.7,35,85,41.2,4,11,36.4,10,42,23.8,13,32,40.6,23,74,31.1,81,252,32.1
Avery Bradley,MEM,28,50,107,46.7,25,66,37.9,87,192,45.3,24,64,37.5,11,28,39.3,35,92,38.0,51,148,34.5
BJ Johnson,SAC,23,1,4,25.0,2,2,100,3,5,60.0,2,3,66.7,0,0,0.0,2,3,66.7,1,3,33.3
Bam Adebayo,MIA,21,214,311,68.8,47,115,40.9,16,45,35.6,0,3,0.0,0,1,0.0,0,4,0.0,3,9,33.3
Ben McLemore,SAC,26,4,8,50.0,0,3,0.0,4,12,33.3,3,9,33.3,1,4,25.0,4,13,30.8,13,27,48.1
Ben Simmons,PHI,22,425,634,67.0,101,253,39.9,14,67,20.9,0,0,0.0,0,0,0.0,0,0,,0,6,0.0
Billy Garrett,NYK,24,5,6,83.3,3,6,50.0,3,7,42.9,0,0,0.0,0,0,0.0,0,0,,0,8,0.0
Bismack Biyombo,CHA,26,70,107,65.4,13,32,40.6,6,17,35.3,0,0,0.0,0,0,0.0,0,0,,0,0,0.0
Blake Griffin,DET,30,314,467,67.2,89,247,36.0,28,106,26.4,33,72,45.8,9,28,32.1,42,100,42.0,146,418,34.9
Boban Marjanovic,PHI,30,114,162,70.4,30,63,47.6,12,25,48.0,0,0,0.0,3,4,75.0,3,4,75.0,1,6,16.7
Bobby Portis,WAS,24,113,198,57.1,54,136,39.7,37,103,35.9,6,13,46.2,1,9,11.1,7,22,31.8,68,169,40.2
Bogdan Bogdanovic,SAC,26,100,181,55.2,67,164,40.9,60,146,41.1,8,20,40.0,8,23,34.8,16,43,37.2,118,326,36.2
Bojan Bogdanovic,IND,30,226,353,64.0,64,152,42.1,68,160,42.5,38,69,55.1,22,49,44.9,60,118,50.8,104,268,38.8
Bonzie Colson,MIL,23,6,13,46.2,1,2,50.0,1,3,33.3,0,5,0.0,2,3,66.7,2,8,25.0,3,12,25.0
Brad Wanamaker,BOS,29,17,23,73.9,8,21,38.1,9,22,40.9,0,1,0.0,0,0,0.0,0,1,0.0,16,38,42.1
Bradley Beal,WAS,26,337,501,67.3,71,166,42.8,147,345,42.6,22,51,43.1,16,39,41.0,38,90,42.2,171,506,33.8
Brandon Goodwin,DEN,23,4,8,50.0,0,5,0.0,0,4,0.0,0,0,0.0,0,0,0.0,0,0,,2,6,33.3
Brandon Ingram,LAL,21,185,293,63.1,76,158,48.1,70,185,37.8,5,14,35.7,9,26,34.6,14,40,35.0,17,53,32.1
Brandon Knight,CLE,27,19,35,54.3,13,53,24.5,26,43,60.5,3,9,33.3,2,11,18.2,5,20,25.0,36,109,33.0
Brandon Sampson,CHI,22,12,19,63.2,5,10,50.0,0,2,0.0,2,7,28.6,2,2,100,4,9,44.4,7,20,35.0
Brook Lopez,MIL,31,108,144,75.0,45,97,46.4,15,33,45.5,13,26,50.0,18,49,36.7,31,75,41.3,156,437,35.7
Bruce Brown,DET,22,82,153,53.6,17,61,27.9,2,7,28.6,7,23,30.4,9,21,42.9,16,44,36.4,8,46,17.4
Bruno Caboclo,MEM,23,40,69,58.0,5,22,22.7,3,4,75.0,12,33,36.4,7,21,33.3,19,54,35.2,29,75,38.7
Bryn Forbes,SAS,25,54,94,57.4,47,106,44.3,84,178,47.2,17,29,58.6,11,20,55.0,28,49,57.1,148,361,41.0
Buddy Hield,SAC,26,180,292,61.6,41,131,31.3,125,287,43.6,40,76,52.6,29,58,50.0,69,134,51.5,208,514,40.5
C.J. Williams,MIN,29,6,9,66.7,1,4,25.0,5,6,83.3,0,1,0.0,0,3,0.0,0,4,0.0,5,12,41.7
CJ McCollum,POR,27,145,264,54.9,99,215,46.0,160,319,50.2,12,22,54.5,9,20,45.0,21,42,50.0,146,402,36.3
CJ Miles,MEM,32,21,46,45.7,10,28,35.7,14,34,41.2,9,21,42.9,11,28,39.3,20,49,40.8,47,153,30.7
Caleb Swanigan,SAC,22,12,21,57.1,4,17,23.5,1,8,12.5,1,3,33.3,0,1,0.0,1,4,25.0,0,3,0.0
Cameron Payne,CLE,24,34,59,57.6,22,43,51.2,15,38,39.5,4,5,80.0,2,10,20.0,6,15,40.0,19,67,28.4
Cameron Reynolds,MIN,24,4,10,40.0,4,7,57.1,4,10,40.0,5,9,55.6,1,7,14.3,6,16,37.5,15,35,42.9
Caris LeVert,BKN,24,106,180,58.9,49,125,39.2,4,24,16.7,4,9,44.4,2,7,28.6,6,16,37.5,42,138,30.4
Carmelo Anthony,HOU,35,12,20,60.0,4,7,57.1,12,30,40.0,0,1,0.0,1,2,50.0,1,3,33.3,20,61,32.8
Cedi Osman,CLE,24,154,264,58.3,36,100,36.0,40,106,37.7,14,43,32.6,16,47,34.0,30,90,33.3,100,283,35.3
Chandler Hutchison,CHI,23,60,101,59.4,15,40,37.5,8,19,42.1,5,14,35.7,2,9,22.2,7,23,30.4,6,23,26.1
Chandler Parsons,MEM,30,21,39,53.8,8,21,38.1,10,28,35.7,3,9,33.3,2,12,16.7,5,21,23.8,24,73,32.9
Channing Frye,CLE,36,4,7,57.1,2,10,20.0,5,21,23.8,1,4,25.0,2,3,66.7,3,7,42.9,29,72,40.3
Chasson Randle,WAS,26,37,67,55.2,5,20,25.0,3,15,20.0,2,9,22.2,6,17,35.3,8,26,30.8,38,89,42.7
Cheick Diallo,NOP,22,102,142,71.8,35,69,50.7,30,56,53.6,0,1,0.0,0,1,0.0,0,2,0.0,1,1,100
Chimezie Metu,SAS,22,7,17,41.2,10,20,50.0,2,19,10.5,0,0,0.0,0,0,0.0,0,0,,0,2,0.0
Chris Boucher,TOR,26,22,35,62.9,0,3,0.0,0,1,0.0,1,3,33.3,2,5,40.0,3,8,37.5,9,29,31.0
Chris Chiozza,HOU,23,0,1,0.0,0,1,0.0,0,1,0.0,0,1,0.0,1,1,100,1,2,50.0,1,3,33.3
Chris Paul,HOU,34,40,72,55.6,69,152,45.4,68,143,47.6,9,22,40.9,11,37,29.7,20,59,33.9,104,291,35.7
Christian Wood,NOP,23,40,58,69.0,8,24,33.3,4,9,44.4,0,1,0.0,1,4,25.0,1,5,20.0,8,21,38.1
Clint Capela,HOU,25,436,617,70.7,38,109,34.9,0,6,0.0,0,0,0.0,0,0,0.0,0,0,,0,0,0.0
Cody Zeller,CHA,26,146,226,64.6,35,87,40.2,3,10,30.0,0,0,0.0,0,0,0.0,0,0,,6,22,27.3
Collin Sexton,CLE,20,194,361,53.7,61,181,33.7,145,370,39.2,9,22,40.9,2,13,15.4,11,35,31.4,108,258,41.9
Corey Brewer,SAC,33,36,55,65.5,2,18,11.1,1,6,16.7,3,11,27.3,3,7,42.9,6,18,33.3,8,26,30.8
Cory Joseph,IND,27,57,96,59.4,42,96,43.8,72,185,38.9,7,17,41.2,6,22,27.3,13,39,33.3,41,128,32.0
Courtney Lee,DAL,33,11,21,52.4,8,14,57.1,18,39,46.2,4,11,36.4,6,9,66.7,10,20,50.0,6,35,17.1
Cristiano Felicio,CHI,26,82,133,61.7,9,31,29.0,4,11,36.4,0,0,0.0,0,0,0.0,0,0,,0,4,0.0
D'Angelo Russell,BKN,23,132,241,54.8,161,337,47.8,132,304,43.4,13,33,39.4,12,19,63.2,25,52,48.1,209,582,35.9
D.J. Augustin,ORL,31,123,203,60.6,31,92,33.7,33,71,46.5,20,37,54.1,9,19,47.4,29,56,51.8,102,251,40.6
D.J. Wilson,MIL,23,37,66,56.1,12,31,38.7,9,27,33.3,7,22,31.8,12,32,37.5,19,54,35.2,27,73,37.0
DJ Stephens,MEM,28,1,2,50.0,0,0,0.0,0,0,0.0,,,,,,,0,0,,0,0,0.0
Dairis Bertans,NOP,29,0,0,0.0,0,1,0.0,2,12,16.7,0,3,0.0,2,4,50.0,2,7,28.6,8,27,29.6
Damian Jones,GSW,24,49,63,77.8,2,7,28.6,2,4,50.0,0,0,0.0,0,0,0.0,0,0,,0,0,0.0
Damian Lillard,POR,28,265,481,55.1,48,125,38.4,131,284,46.1,5,14,35.7,5,18,27.8,10,32,31.3,227,608,37.3
Damion Lee,GSW,26,9,18,50.0,8,15,53.3,12,26,46.2,10,14,71.4,3,11,27.3,13,25,52.0,14,43,32.6
Damyean Dotson,NYK,25,73,128,57.0,10,48,20.8,81,181,44.8,17,33,51.5,11,28,39.3,28,61,45.9,98,279,35.1
Daniel Hamilton,ATL,23,10,20,50.0,4,14,28.6,1,3,33.3,2,9,22.2,2,2,100,4,11,36.4,4,12,33.3
Daniel Theis,BOS,27,98,130,75.4,11,32,34.4,11,37,29.7,0,1,0.0,0,4,0.0,0,5,0.0,26,62,41.9
Danilo Gallinari,LAC,30,134,230,58.3,42,94,44.7,73,189,38.6,2,9,22.2,6,12,50.0,8,21,38.1,152,348,43.7
Danny Green,TOR,32,50,81,61.7,19,55,34.5,26,59,44.1,32,68,47.1,61,116,52.6,93,184,50.5,105,249,42.2
Dante Cunningham,SAS,32,29,48,60.4,12,27,44.4,4,18,22.2,8,23,34.8,10,20,50.0,18,43,41.9,12,21,57.1
Dante Exum,UTA,23,64,119,53.8,18,55,32.7,1,5,20.0,4,11,36.4,7,23,30.4,11,34,32.4,7,28,25.0
Danuel House Jr.,HOU,26,41,64,64.1,2,8,25.0,1,2,50.0,11,23,47.8,19,54,35.2,30,77,39.0,44,101,43.6
Dario Saric,MIN,25,143,225,63.6,19,71,26.8,24,78,30.8,9,26,34.6,13,33,39.4,22,59,37.3,96,263,36.5
Darius Miller,NOP,29,12,18,66.7,11,29,37.9,34,74,45.9,14,32,43.8,11,37,29.7,25,69,36.2,107,293,36.5
Darren Collison,IND,31,103,178,57.9,18,53,34.0,109,236,46.2,15,31,48.4,20,35,57.1,35,66,53.0,43,125,34.4
Daryl Macon,DAL,23,2,3,66.7,1,4,25.0,2,9,22.2,0,0,0.0,0,1,0.0,0,1,0.0,5,10,50.0
David Nwaba,CLE,26,72,117,61.5,29,64,45.3,1,6,16.7,6,16,37.5,8,24,33.3,14,40,35.0,10,34,29.4
Davis Bertans,SAS,26,28,37,75.7,10,36,27.8,21,42,50.0,11,23,47.8,17,25,68.0,28,48,58.3,117,287,40.8
Davon Reed,IND,24,3,4,75.0,0,1,0.0,0,3,0.0,0,0,0.0,0,0,0.0,0,0,,2,4,50.0
De'Aaron Fox,SAC,21,235,375,62.7,103,278,37.1,81,217,37.3,4,17,23.5,6,17,35.3,10,34,29.4,76,198,38.4
De'Anthony Melton,PHX,21,43,77,55.8,21,53,39.6,7,31,22.6,3,15,20.0,7,12,58.3,10,27,37.0,19,68,27.9
DeAndre Jordan,NYK,30,268,392,68.4,17,45,37.8,1,9,11.1,0,0,0.0,0,0,0.0,0,0,,0,0,0.0
DeAndre' Bembry,ATL,24,189,322,58.7,34,103,33.0,2,18,11.1,6,29,20.7,9,24,37.5,15,53,28.3,35,119,29.4
DeMar DeRozan,SAS,29,222,319,69.6,178,396,44.9,224,553,40.5,4,13,30.8,2,9,22.2,6,22,27.3,1,22,4.5
DeMarcus Cousins,GSW,28,116,177,65.5,26,72,36.1,10,27,37.0,1,4,25.0,0,1,0.0,1,5,20.0,25,90,27.8
DeMarre Carroll,BKN,32,82,139,59.0,26,87,29.9,14,40,35.0,18,41,43.9,16,55,29.1,34,96,35.4,71,213,33.3
DeVaughn Akoon-Purcell,DEN,26,3,5,60.0,0,0,0.0,0,1,0.0,0,0,0.0,0,1,0.0,0,1,0.0,0,3,0.0
Deandre Ayton,PHX,20,325,447,72.7,93,191,48.7,91,228,39.9,0,1,0.0,0,0,0.0,0,1,0.0,0,3,0.0
Delon Wright,MEM,27,153,260,58.8,32,101,31.7,7,29,24.1,6,17,35.3,9,20,45.0,15,37,40.5,35,126,27.8
Demetrius Jackson,PHI,24,3,5,60.0,1,1,100,2,3,66.7,0,0,0.0,1,1,100,1,1,100,1,5,20.0
Deng Adel,CLE,22,2,6,33.3,1,3,33.3,2,4,50.0,1,4,25.0,1,2,50.0,2,6,33.3,4,17,23.5
Dennis Schroder,OKC,25,156,303,51.5,78,204,38.2,99,232,42.7,12,27,44.4,8,26,30.8,20,53,37.7,104,307,33.9
Dennis Smith Jr.,NYK,21,151,267,56.6,22,68,32.4,38,107,35.5,3,8,37.5,5,13,38.5,8,21,38.1,59,186,31.7
Deonte Burton,OKC,25,19,36,52.8,3,10,30.0,3,9,33.3,1,7,14.3,1,5,20.0,2,12,16.7,6,15,40.0
Derrick Favors,UTA,27,281,389,72.2,44,98,44.9,21,55,38.2,6,29,20.7,7,35,20.0,13,64,20.3,4,13,30.8
Derrick Jones Jr.,MIA,22,122,192,63.5,7,35,20.0,3,6,50.0,13,37,35.1,8,22,36.4,21,59,35.6,7,29,24.1
Derrick Rose,MIN,30,152,244,62.3,60,152,39.5,98,212,46.2,8,19,42.1,3,5,60.0,11,24,45.8,42,118,35.6
Derrick White,SAS,24,101,167,60.5,59,125,47.2,52,109,47.7,1,6,16.7,8,18,44.4,9,24,37.5,39,118,33.1
Devin Booker,PHX,22,203,324,62.7,117,225,52.0,131,292,44.9,6,16,37.5,5,14,35.7,11,30,36.7,123,378,32.5
Devin Harris,DAL,36,48,85,56.5,14,34,41.2,8,28,28.6,10,28,35.7,3,11,27.3,13,39,33.3,49,158,31.0
Devin Robinson,WAS,24,11,15,73.3,5,8,62.5,3,7,42.9,0,0,0.0,0,0,0.0,0,0,,0,2,0.0
Devonte' Graham,CHA,24,26,50,52.0,4,16,25.0,10,29,34.5,2,7,28.6,7,13,53.8,9,20,45.0,25,96,26.0
Dewayne Dedmon,ATL,29,134,195,68.7,25,71,35.2,18,44,40.9,8,17,47.1,21,51,41.2,29,68,42.6,53,148,35.8
Deyonta Davis,ATL,22,14,17,82.4,0,1,0.0,1,3,33.3,0,0,0.0,0,1,0.0,0,1,0.0,0,0,0.0
Dillon Brooks,MEM,23,21,45,46.7,6,17,35.3,7,20,35.0,1,2,50.0,1,4,25.0,2,6,33.3,13,33,39.4
Dion Waiters,MIA,27,65,123,52.8,6,19,31.6,18,47,38.3,27,55,49.1,10,31,32.3,37,86,43.0,72,202,35.6
Dirk Nowitzki,DAL,41,3,5,60.0,13,27,48.1,55,139,39.6,1,5,20.0,6,16,37.5,7,21,33.3,57,183,31.1
Domantas Sabonis,IND,23,279,392,71.2,76,162,46.9,49,129,38.0,1,2,50.0,0,1,0.0,1,3,33.3,8,14,57.1
Donatas Motiejunas,SAS,28,1,2,50.0,2,3,66.7,0,1,0.0,0,0,0.0,,,,0,0,,0,0,0.0
Donovan Mitchell,UTA,22,242,410,59.0,147,391,37.6,84,210,40.0,14,36,38.9,13,34,38.2,27,70,38.6,160,444,36.0
Donte DiVincenzo,MIL,22,26,33,78.8,1,5,20.0,1,3,33.3,3,9,33.3,2,8,25.0,5,17,29.4,17,66,25.8
Donte Grantham,OKC,24,0,0,0.0,,,,0,0,0.0,,,,0,0,0.0,0,0,,0,2,0.0
Dorian Finney-Smith,DAL,26,130,211,61.6,10,34,29.4,9,30,30.0,11,40,27.5,19,54,35.2,30,94,31.9,49,155,31.6
Doug McDermott,IND,27,83,123,67.5,15,29,51.7,25,64,39.1,26,58,44.8,10,22,45.5,36,80,45.0,48,125,38.4
Dragan Bender,PHX,21,60,79,75.9,6,15,40.0,0,2,0.0,4,15,26.7,2,12,16.7,6,27,22.2,16,74,21.6
Draymond Green,GSW,29,111,165,67.3,18,55,32.7,12,37,32.4,3,11,27.3,7,11,63.6,10,22,45.5,37,142,26.1
Drew Eubanks,SAS,22,4,9,44.4,10,13,76.9,1,4,25.0,0,0,0.0,0,0,0.0,0,0,,0,0,0.0
Duncan Robinson,MIA,25,6,7,85.7,0,0,0.0,2,4,50.0,0,3,0.0,3,5,60.0,3,8,37.5,7,27,25.9
Dusty Hannahs,MEM,25,3,5,60.0,0,2,0.0,0,0,0.0,0,0,0.0,0,1,0.0,0,1,0.0,0,4,0.0
Dwayne Bacon,CHA,23,59,85,69.4,18,57,31.6,7,28,25.0,10,23,43.5,4,7,57.1,14,30,46.7,24,57,42.1
Dwight Howard,WAS,33,36,47,76.6,3,12,25.0,4,10,40.0,0,0,0.0,0,0,0.0,0,0,,0,0,0.0
Dwight Powell,DAL,27,235,303,77.6,15,42,35.7,1,14,7.1,1,5,20.0,3,6,50.0,4,11,36.4,35,116,30.2
Dwyane Wade,MIA,37,167,269,62.1,87,201,43.3,76,230,33.0,27,58,46.6,4,13,30.8,31,71,43.7,54,186,29.0
Dzanan Musa,BKN,20,4,5,80.0,3,5,60.0,1,2,50.0,0,1,0.0,0,1,0.0,0,2,0.0,1,8,12.5
E'Twaun Moore,NOP,30,85,138,61.6,69,146,47.3,26,72,36.1,14,35,40.0,5,23,21.7,19,58,32.8,57,118,48.3
Ed Davis,BKN,30,176,264,66.7,10,35,28.6,0,1,0.0,0,0,0.0,0,0,0.0,0,0,,0,2,0.0
Edmond Sumner,IND,23,10,26,38.5,3,4,75.0,2,7,28.6,2,6,33.3,1,2,50.0,3,8,37.5,4,19,21.1
Ekpe Udoh,UTA,32,39,50,78.0,11,20,55.0,0,2,0.0,0,0,0.0,0,0,0.0,0,0,,0,0,0.0
Elfrid Payton,NOP,25,103,198,52.0,38,98,38.8,6,12,50.0,0,1,0.0,1,6,16.7,1,7,14.3,31,96,32.3
Elie Okobo,PHX,21,49,81,60.5,14,43,32.6,12,34,35.3,2,8,25.0,2,7,28.6,4,15,26.7,35,116,30.2
Emanuel Terry,MIA,22,4,7,57.1,0,0,0.0,0,0,0.0,0,0,0.0,0,0,0.0,0,0,,0,0,0.0
Emmanuel Mudiay,NYK,23,134,256,52.3,61,130,46.9,67,146,45.9,8,17,47.1,6,19,31.6,14,36,38.9,54,172,31.4
Enes Kanter,POR,27,308,481,64.0,43,117,36.8,14,51,27.5,0,0,0.0,1,1,100,1,1,100,9,33,27.3
Eric Bledsoe,MIL,29,284,415,68.4,41,116,35.3,21,63,33.3,4,21,19.0,12,37,32.4,16,58,27.6,108,319,33.9
Eric Gordon,HOU,30,138,220,62.7,22,98,22.4,8,20,40.0,11,26,42.3,18,49,36.7,29,75,38.7,187,525,35.6
Eric Moreland,TOR,27,1,4,25.0,1,2,50.0,0,0,0.0,0,0,0.0,0,0,0.0,0,0,,1,1,100
Ersan Ilyasova,MIL,32,87,145,60.0,8,36,22.2,14,40,35.0,4,18,22.2,10,24,41.7,14,42,33.3,44,117,37.6
Evan Fournier,ORL,26,169,269,62.8,68,167,40.7,77,183,42.1,27,64,42.2,6,19,31.6,33,83,39.8,121,365,33.2
Evan Turner,POR,30,92,149,61.7,43,116,37.1,58,126,46.0,2,10,20.0,2,8,25.0,4,18,22.2,7,34,20.6
Frank Jackson,NOP,21,102,162,63.0,23,61,37.7,16,55,29.1,9,38,23.7,13,34,38.2,22,72,30.6,31,97,32.0
Frank Kaminsky,CHA,26,59,90,65.6,26,51,51.0,3,18,16.7,0,6,0.0,1,6,16.7,1,12,8.3,49,127,38.6
Frank Mason,SAC,25,31,50,62.0,14,30,46.7,12,25,48.0,0,2,0.0,1,4,25.0,1,6,16.7,13,58,22.4
Frank Ntilikina,NYK,20,22,47,46.8,20,58,34.5,21,63,33.3,4,11,36.4,2,13,15.4,6,24,25.0,26,89,29.2
Fred VanVleet,TOR,25,87,168,51.8,11,45,24.4,36,91,39.6,12,28,42.9,15,28,53.6,27,56,48.2,85,239,35.6
Furkan Korkmaz,PHI,21,32,47,68.1,13,35,37.1,7,21,33.3,2,5,40.0,8,21,38.1,10,26,38.5,36,113,31.9
Garrett Temple,LAC,33,82,124,66.1,14,42,33.3,22,63,34.9,25,61,41.0,17,49,34.7,42,110,38.2,48,154,31.2
Gary Clark,HOU,24,8,10,80.0,1,3,33.3,0,0,0.0,3,18,16.7,4,23,17.4,7,41,17.1,34,97,35.1
Gary Harris,DEN,24,122,214,57.0,43,104,41.3,23,76,30.3,16,42,38.1,12,28,42.9,28,70,40.0,54,172,31.4
Gary Payton II,WAS,26,4,6,66.7,0,0,0.0,0,0,0.0,0,0,0.0,1,2,50.0,1,2,50.0,0,0,0.0
Gary Trent Jr.,POR,20,3,6,50.0,1,8,12.5,7,15,46.7,2,2,100,0,2,0.0,2,4,50.0,3,17,17.6
George Hill,MIL,33,78,123,63.4,19,45,42.2,25,55,45.5,10,22,45.5,3,15,20.0,13,37,35.1,35,115,30.4
George King,PHX,25,0,0,0.0,0,0,0.0,0,0,0.0,,,,0,0,0.0,0,0,,0,0,0.0
Georges Niang,UTA,26,23,37,62.2,18,33,54.5,2,6,33.3,15,25,60.0,3,22,13.6,18,47,38.3,25,58,43.1
Gerald Green,HOU,33,48,66,72.7,14,37,37.8,13,34,38.2,25,56,44.6,34,90,37.8,59,146,40.4,97,294,33.0
Giannis Antetokounmpo,MIL,24,567,769,73.7,62,161,38.5,40,116,34.5,2,6,33.3,0,3,0.0,2,9,22.2,50,191,26.2
Glenn Robinson III,DET,25,30,47,63.8,13,40,32.5,13,27,48.1,4,13,30.8,4,19,21.1,8,32,25.0,10,30,33.3
Goran Dragic,MIA,33,76,135,56.3,28,78,35.9,18,56,32.1,5,14,35.7,4,18,22.2,9,32,28.1,48,132,36.4
Gordon Hayward,BOS,29,106,166,63.9,53,100,53.0,60,139,43.2,14,32,43.8,14,38,36.8,28,70,40.0,49,160,30.6
Gorgui Dieng,MIN,29,74,110,67.3,22,52,42.3,75,160,46.9,9,18,50.0,6,19,31.6,15,37,40.5,3,16,18.8
Grayson Allen,UTA,23,19,39,48.7,8,21,38.1,8,19,42.1,6,18,33.3,7,13,53.8,13,31,41.9,19,67,28.4
Greg Monroe,PHI,29,72,127,56.7,15,42,35.7,4,15,26.7,0,0,0.0,0,0,0.0,0,0,,1,5,20.0
Guerschon Yabusele,BOS,23,20,32,62.5,4,10,40.0,2,7,28.6,1,3,33.3,0,3,0.0,1,6,16.7,8,22,36.4
Hamidou Diallo,OKC,20,62,110,56.4,6,23,26.1,3,8,37.5,2,10,20.0,2,10,20.0,4,20,20.0,0,4,0.0
Harrison Barnes,SAC,27,150,247,60.7,62,197,31.5,46,143,32.2,26,61,42.6,34,74,45.9,60,135,44.4,113,303,37.3
Harry Giles III,SAC,21,102,159,64.2,53,124,42.7,20,59,33.9,0,2,0.0,0,0,0.0,0,2,0.0,0,3,0.0
Hassan Whiteside,MIA,30,286,417,68.6,82,191,42.9,18,56,32.1,0,5,0.0,1,3,33.3,1,8,12.5,1,8,12.5
Haywood Highsmith,PHI,22,1,3,33.3,2,2,100,0,0,0.0,0,1,0.0,0,1,0.0,0,2,0.0,1,3,33.3
Henry Ellenson,NYK,22,13,25,52.0,4,22,18.2,5,10,50.0,2,6,33.3,4,10,40.0,6,16,37.5,11,22,50.0
Ian Clark,NOP,28,32,55,58.2,32,73,43.8,22,54,40.7,8,23,34.8,10,26,38.5,18,49,36.7,47,152,30.9
Ian Mahinmi,WAS,32,33,58,56.9,11,29,37.9,0,1,0.0,1,6,16.7,1,4,25.0,2,10,20.0,1,6,16.7
Ike Anigbogu,IND,20,0,1,0.0,0,0,0.0,0,2,0.0,,,,0,0,0.0,0,0,,0,0,0.0
Iman Shumpert,HOU,29,36,57,63.2,2,13,15.4,34,103,33.0,20,48,41.7,14,38,36.8,34,86,39.5,61,186,32.8
Isaac Bonga,LAL,19,4,14,28.6,1,7,14.3,0,4,0.0,0,1,0.0,0,1,0.0,0,2,0.0,0,6,0.0
Isaac Humphries,ATL,21,3,7,42.9,0,1,0.0,0,2,0.0,0,3,0.0,2,2,100,2,5,40.0,1,6,16.7
Isaiah Briscoe,ORL,23,30,48,62.5,4,19,21.1,10,37,27.0,3,7,42.9,0,5,0.0,3,12,25.0,8,22,36.4
Isaiah Canaan,MIL,28,19,43,44.2,3,10,30.0,8,15,53.3,5,14,35.7,6,13,46.2,11,27,40.7,23,69,33.3
Isaiah Hartenstein,HOU,21,18,32,56.3,0,3,0.0,0,0,0.0,1,2,50.0,0,0,0.0,1,2,50.0,1,4,25.0
Isaiah Hicks,NYK,24,2,4,50.0,0,1,0.0,2,3,66.7,0,0,0.0,0,0,0.0,0,0,,0,0,0.0
Isaiah Thomas,DEN,30,11,20,55.0,5,28,17.9,6,8,75.0,1,2,50.0,0,4,0.0,1,6,16.7,11,37,29.7
Ish Smith,DET,30,77,133,57.9,37,111,33.3,47,110,42.7,5,11,45.5,7,16,43.8,12,27,44.4,32,104,30.8
Ivan Rabb,MEM,22,72,107,67.3,28,45,62.2,13,45,28.9,0,3,0.0,0,3,0.0,0,6,0.0,3,9,33.3
Ivica Zubac,LAC,22,174,282,61.7,33,79,41.8,5,18,27.8,0,0,0.0,0,0,0.0,0,0,,0,0,0.0
J.J. Barea,DAL,35,55,94,58.5,30,89,33.7,38,74,51.4,1,4,25.0,1,3,33.3,2,7,28.6,36,121,29.8
J.P. Macura,CHA,24,3,4,75.0,0,1,0.0,0,0,0.0,0,1,0.0,0,0,0.0,0,1,0.0,0,3,0.0
JJ Redick,PHI,35,60,102,58.8,18,40,45.0,135,281,48.0,16,28,57.1,20,56,35.7,36,84,42.9,203,520,39.0
JR Smith,CLE,33,1,3,33.3,6,11,54.5,8,26,30.8,3,5,60.0,0,0,0.0,3,5,60.0,9,34,26.5
JaKarr Sampson,CHI,26,12,18,66.7,8,16,50.0,4,6,66.7,0,3,0.0,0,0,0.0,0,3,0.0,5,11,45.5
JaMychal Green,LAC,29,116,186,62.4,18,52,34.6,25,63,39.7,12,33,36.4,11,20,55.0,23,53,43.4,48,122,39.3
JaVale McGee,LAL,31,329,448,73.4,59,149,39.6,11,32,34.4,0,1,0.0,0,0,0.0,0,1,0.0,1,10,10.0
Jabari Parker,WAS,24,210,306,68.6,41,97,42.3,58,152,38.2,14,29,48.3,8,24,33.3,22,53,41.5,38,140,27.1
Jacob Evans,GSW,22,3,11,27.3,4,7,57.1,7,20,35.0,0,1,0.0,1,3,33.3,1,4,25.0,3,11,27.3
Jae Crowder,UTA,28,111,182,61.0,7,28,25.0,27,65,41.5,24,73,32.9,22,61,36.1,46,134,34.3,127,384,33.1
Jahlil Okafor,NOP,23,143,211,67.8,61,133,45.9,7,13,53.8,0,0,0.0,0,0,0.0,0,0,,1,5,20.0
Jake Layman,POR,25,127,172,73.8,14,32,43.8,16,39,41.0,5,21,23.8,5,21,23.8,10,42,23.8,49,139,35.3
Jakob Poeltl,SAS,23,153,221,69.2,26,58,44.8,8,11,72.7,0,0,0.0,0,0,0.0,0,0,,0,0,0.0
Jalen Brunson,DAL,22,96,147,65.3,69,143,48.3,36,95,37.9,9,33,27.3,8,23,34.8,17,56,30.4,46,124,37.1
Jalen Jones,CLE,26,11,16,68.8,4,13,30.8,1,5,20.0,1,4,25.0,2,4,50.0,3,8,37.5,7,20,35.0
Jamal Crawford,PHX,39,11,22,50.0,34,71,47.9,62,143,43.4,4,22,18.2,5,15,33.3,9,37,24.3,58,163,35.6
Jamal Murray,DEN,22,143,251,57.0,104,241,43.2,116,269,43.1,15,25,60.0,7,17,41.2,22,42,52.4,128,368,34.8
James Ennis III,PHI,28,76,119,63.9,4,12,33.3,3,7,42.9,15,34,44.1,17,46,37.0,32,80,40.0,23,76,30.3
James Harden,HOU,29,305,519,58.8,126,281,44.8,34,81,42.0,9,35,25.7,21,50,42.0,30,85,35.3,348,942,36.9
James Johnson,MIA,32,83,135,61.5,24,66,36.4,7,30,23.3,7,16,43.8,10,28,35.7,17,44,38.6,33,101,32.7
James Nunnally,HOU,28,4,5,80.0,0,2,0.0,0,2,0.0,3,8,37.5,1,4,25.0,4,12,33.3,4,13,30.8
Jared Dudley,BKN,33,34,58,58.6,4,12,33.3,10,18,55.6,3,9,33.3,11,24,45.8,14,33,42.4,39,118,33.1
Jared Terrell,MIN,24,2,8,25.0,1,4,25.0,5,10,50.0,1,1,100,0,3,0.0,1,4,25.0,3,13,23.1
Jarell Martin,ORL,25,14,20,70.0,2,4,50.0,7,23,30.4,3,14,21.4,6,15,40.0,9,29,31.0,11,28,39.3
Jaren Jackson Jr.,MEM,19,158,228,69.3,81,192,42.2,8,27,29.6,4,17,23.5,3,18,16.7,7,35,20.0,44,107,41.1
Jaron Blossomgame,CLE,25,31,44,70.5,2,14,14.3,4,9,44.4,3,11,27.3,1,6,16.7,4,17,23.5,6,22,27.3
Jarred Vanderbilt,DEN,20,8,14,57.1,1,3,33.3,0,1,0.0,0,0,0.0,0,1,0.0,0,1,0.0,0,0,0.0
Jarrett Allen,BKN,21,296,426,69.5,31,91,34.1,2,7,28.6,4,24,16.7,2,17,11.8,6,41,14.6,0,3,0.0
Jason Smith,NOP,33,9,19,47.4,0,3,0.0,3,11,27.3,2,4,50.0,0,1,0.0,2,5,40.0,7,21,33.3
Jawun Evans,OKC,22,1,1,100,1,6,16.7,1,4,25.0,0,0,0.0,0,0,0.0,0,0,,0,3,0.0
Jaylen Adams,ATL,23,7,17,41.2,2,10,20.0,4,9,44.4,0,2,0.0,2,12,16.7,2,14,14.3,23,59,39.0
Jaylen Brown,BOS,22,183,291,62.9,51,124,41.1,39,101,38.6,12,26,46.2,14,51,27.5,26,77,33.8,69,199,34.7
Jaylen Morris,MIL,23,3,6,50.0,0,1,0.0,0,0,0.0,0,0,0.0,0,0,0.0,0,0,,1,3,33.3
Jayson Tatum,BOS,21,198,314,63.1,51,135,37.8,101,276,36.6,18,41,43.9,14,48,29.2,32,89,36.0,84,222,37.8
Jeff Green,WAS,32,137,186,73.7,33,76,43.4,45,105,42.9,13,42,31.0,24,53,45.3,37,95,38.9,74,221,33.5
Jeff Teague,MIN,31,69,125,55.2,50,133,37.6,22,52,42.3,1,5,20.0,0,0,0.0,1,5,20.0,34,101,33.7
Jemerrio Jones,LAL,24,10,17,58.8,0,3,0.0,0,3,0.0,0,0,0.0,0,0,0.0,0,0,,2,10,20.0
Jerami Grant,OKC,25,243,370,65.7,33,108,30.6,18,52,34.6,19,50,38.0,43,106,40.6,62,156,39.7,53,135,39.3
Jeremy Lamb,CHA,27,151,277,54.5,94,220,42.7,71,152,46.7,18,32,56.3,10,20,50.0,28,52,53.8,86,277,31.0
Jeremy Lin,TOR,30,104,180,57.8,45,101,44.6,34,73,46.6,6,17,35.3,5,13,38.5,11,30,36.7,44,157,28.0
Jerian Grant,ORL,26,19,28,67.9,6,26,23.1,27,56,48.2,4,12,33.3,2,3,66.7,6,15,40.0,34,95,35.8
Jerome Robinson,LAC,22,13,20,65.0,5,14,35.7,8,19,42.1,4,9,44.4,0,1,0.0,4,10,40.0,14,45,31.1
Jerryd Bayless,MIN,30,21,45,46.7,7,25,28.0,25,63,39.7,2,4,50.0,2,10,20.0,4,14,28.6,25,82,30.5
Jevon Carter,MEM,23,8,27,29.6,5,18,27.8,9,38,23.7,3,13,23.1,8,20,40.0,11,33,33.3,23,67,34.3
Jimmer Fredette,PHX,30,4,4,100,2,5,40.0,2,7,28.6,0,0,0.0,0,3,0.0,0,3,0.0,0,9,0.0
Jimmy Butler,PHI,29,213,324,65.7,54,152,35.5,84,235,35.7,6,17,35.3,10,30,33.3,16,47,34.0,51,145,35.2
Joakim Noah,MEM,34,97,160,60.6,9,35,25.7,4,17,23.5,0,0,0.0,0,0,0.0,0,0,,0,0,0.0
Jodie Meeks,TOR,31,7,8,87.5,4,6,66.7,2,7,28.6,3,4,75.0,0,3,0.0,3,7,42.9,5,11,45.5
Joe Chealey,CHA,23,0,1,0.0,1,1,100,0,1,0.0,,,,,,,0,0,,0,0,0.0
Joe Harris,BKN,27,145,240,60.4,32,91,35.2,14,31,45.2,11,21,52.4,21,41,51.2,32,62,51.6,151,324,46.6
Joe Ingles,UTA,31,120,189,63.5,36,93,38.7,14,35,40.0,31,57,54.4,33,83,39.8,64,140,45.7,125,343,36.4
Joel Embiid,PHI,25,327,476,68.7,91,230,39.6,83,230,36.1,4,7,57.1,0,3,0.0,4,10,40.0,75,251,29.9
John Collins,ATL,21,347,497,69.8,48,127,37.8,15,49,30.6,15,27,55.6,11,26,42.3,26,53,49.1,29,103,28.2
John Henson,CLE,28,17,26,65.4,3,9,33.3,0,1,0.0,3,7,42.9,1,3,33.3,4,10,40.0,7,21,33.3
John Holland,CLE,30,,,,,,,0,0,0.0,,,,,,,0,0,,0,0,0.0
John Jenkins,NYK,28,4,6,66.7,3,5,60.0,13,36,36.1,1,7,14.3,4,9,44.4,5,16,31.3,17,42,40.5
John Wall,WAS,28,134,225,59.6,16,45,35.6,44,113,38.9,2,7,28.6,5,11,45.5,7,18,38.9,44,151,29.1
Johnathan Motley,LAC,24,31,45,68.9,8,24,33.3,0,1,0.0,0,1,0.0,0,0,0.0,0,1,0.0,0,2,0.0
Johnathan Williams,LAL,24,56,81,69.1,7,22,31.8,2,5,40.0,0,0,0.0,0,1,0.0,0,1,0.0,0,0,0.0
Jon Leuer,DET,30,45,52,86.5,9,25,36.0,11,25,44.0,0,4,0.0,0,1,0.0,0,5,0.0,1,6,16.7
Jonah Bolden,PHI,23,43,55,78.2,2,6,33.3,1,6,16.7,2,10,20.0,6,13,46.2,8,23,34.8,26,72,36.1
Jonas Jerebko,GSW,32,63,103,61.2,11,23,47.8,20,42,47.6,8,28,28.6,12,24,50.0,20,52,38.5,48,134,35.8
Jonas Valanciunas,MEM,27,163,246,66.3,101,192,52.6,23,52,44.2,1,1,100,1,2,50.0,2,3,66.7,12,45,26.7
Jonathan Isaac,ORL,21,127,206,61.7,13,42,31.0,37,98,37.8,19,61,31.1,16,42,38.1,35,103,34.0,50,161,31.1
Jonathon Simmons,PHI,29,56,104,53.8,28,80,35.0,21,62,33.9,7,17,41.2,2,9,22.2,9,26,34.6,19,76,25.0
Jordan Bell,GSW,24,64,94,68.1,13,31,41.9,22,65,33.8,0,0,0.0,0,0,0.0,0,0,,0,1,0.0
Jordan Clarkson,CLE,27,170,270,63.0,102,238,42.9,113,227,49.8,23,56,41.1,11,39,28.2,34,95,35.8,110,349,31.5
Jordan Loyd,TOR,25,2,5,40.0,1,1,100,1,4,25.0,0,0,0.0,0,0,0.0,0,0,,4,8,50.0
Jordan McRae,WAS,28,21,31,67.7,8,18,44.4,22,46,47.8,2,7,28.6,0,0,0.0,2,7,28.6,8,27,29.6
Jordan Sibert,ATL,26,0,0,0.0,0,0,0.0,0,0,0.0,0,0,0.0,0,0,0.0,0,0,,1,1,100
Jose Calderon,DET,37,7,15,46.7,2,5,40.0,22,43,51.2,2,4,50.0,1,5,20.0,3,9,33.3,11,47,23.4
Josh Hart,LAL,24,84,132,63.6,7,36,19.4,6,22,27.3,13,36,36.1,13,34,38.2,26,70,37.1,66,204,32.4
Josh Jackson,PHX,22,157,307,51.1,67,179,37.4,50,130,38.5,8,39,20.5,10,31,32.3,18,70,25.7,55,153,35.9
Josh Okogie,MIN,20,102,174,58.6,10,49,20.4,24,70,34.3,11,30,36.7,12,47,25.5,23,77,29.9,37,137,27.0
Josh Richardson,MIA,25,114,211,54.0,66,157,42.0,79,200,39.5,22,49,44.9,8,30,26.7,30,79,38.0,134,379,35.4
Jrue Holiday,NOP,29,273,429,63.6,101,223,45.3,57,147,38.8,11,23,47.8,5,18,27.8,16,41,39.0,100,318,31.4
Juancho Hernangomez,DEN,23,63,101,62.4,4,22,18.2,5,10,50.0,10,26,38.5,8,31,25.8,18,57,31.6,48,124,38.7
Julian Washburn,MEM,27,4,5,80.0,3,6,50.0,4,13,30.8,1,3,33.3,2,8,25.0,3,11,27.3,2,12,16.7
Julius Randle,NOP,24,375,565,66.4,106,257,41.2,23,72,31.9,8,22,36.4,4,13,30.8,12,35,34.3,55,160,34.4
Justin Anderson,ATL,25,32,51,62.7,7,22,31.8,1,7,14.3,3,13,23.1,3,7,42.9,6,20,30.0,18,56,32.1
Justin Holiday,MEM,30,81,129,62.8,12,62,19.4,45,122,36.9,34,84,40.5,34,80,42.5,68,164,41.5,94,298,31.5
Justin Jackson,DAL,24,64,83,77.1,43,92,46.7,23,65,35.4,18,43,41.9,17,47,36.2,35,90,38.9,52,153,34.0
Justin Patton,PHI,22,2,4,50.0,0,1,0.0,0,0,0.0,0,0,0.0,0,0,0.0,0,0,,0,2,0.0
Justise Winslow,MIA,23,127,219,58.0,62,173,35.8,39,101,38.6,25,55,45.5,10,37,27.0,35,92,38.0,61,163,37.4
Jusuf Nurkic,POR,24,308,524,58.8,64,166,38.6,45,107,42.1,0,1,0.0,0,1,0.0,0,2,0.0,3,27,11.1
Kadeem Allen,NYK,26,28,47,59.6,11,32,34.4,9,26,34.6,1,1,100,1,5,20.0,2,6,33.3,15,30,50.0
Kalin Lucas,DET,30,0,0,0.0,0,0,0.0,0,0,0.0,,,,,,,0,0,,0,1,0.0
Karl-Anthony Towns,MIN,23,310,447,69.4,155,325,47.7,75,188,39.9,11,27,40.7,7,15,46.7,18,42,42.9,123,311,39.5
Kawhi Leonard,TOR,28,209,309,67.6,87,187,46.5,152,331,45.9,12,26,46.2,9,27,33.3,21,53,39.6,91,249,36.5
Keita Bates-Diop,MIN,23,36,50,72.0,7,19,36.8,4,21,19.0,1,9,11.1,3,11,27.3,4,20,20.0,9,31,29.0
Kelly Olynyk,MIA,28,111,160,69.4,22,43,51.2,15,42,35.7,15,38,39.5,14,38,36.8,29,76,38.2,84,242,34.7
Kelly Oubre Jr.,PHX,23,188,313,60.1,53,135,39.3,26,56,46.4,8,32,25.0,17,48,35.4,25,80,31.3,83,257,32.3
Kemba Walker,CHA,29,259,470,55.1,85,212,40.1,127,271,46.9,4,19,21.1,12,22,54.5,16,41,39.0,243,680,35.7
Kenneth Faried,HOU,29,129,198,65.2,13,35,37.1,6,7,85.7,3,6,50.0,0,3,0.0,3,9,33.3,5,15,33.3
Kenrich Williams,NOP,24,46,84,54.8,6,22,27.3,3,18,16.7,6,18,33.3,6,24,25.0,12,42,28.6,40,111,36.0
Kent Bazemore,ATL,29,124,216,57.4,17,77,22.1,41,98,41.8,20,62,32.3,17,50,34.0,37,112,33.0,59,184,32.1
Kentavious Caldwell-Pope,LAL,26,98,154,63.6,17,45,37.8,59,123,48.0,29,65,44.6,20,54,37.0,49,119,41.2,102,314,32.5
Kevin Durant,GSW,30,207,284,72.9,123,250,49.2,254,461,55.1,3,13,23.1,4,18,22.2,7,31,22.6,130,357,36.4
Kevin Huerter,ATL,20,81,144,56.3,46,123,37.4,13,38,34.2,15,33,45.5,19,45,42.2,34,78,43.6,101,272,37.1
Kevin Knox II,NYK,19,107,223,48.0,65,156,41.7,42,173,24.3,10,32,31.3,20,48,41.7,30,80,37.5,94,282,33.3
Kevin Love,CLE,30,34,65,52.3,11,29,37.9,11,42,26.2,8,19,42.1,6,13,46.2,14,32,43.8,39,115,33.9
Kevon Looney,GSW,23,186,266,69.9,7,27,25.9,23,44,52.3,0,2,0.0,0,2,0.0,0,4,0.0,1,5,20.0
Khem Birch,ORL,26,69,100,69.0,20,45,44.4,2,5,40.0,0,0,0.0,0,0,0.0,0,0,,0,1,0.0
Khris Middleton,MIL,27,131,232,56.5,88,194,45.4,108,248,43.5,9,33,27.3,11,28,39.3,20,61,32.8,159,413,38.5
Khyri Thomas,DET,23,7,14,50.0,2,8,25.0,3,12,25.0,3,9,33.3,3,8,37.5,6,17,35.3,4,18,22.2
Klay Thompson,GSW,29,151,215,70.2,60,140,42.9,203,448,45.3,27,70,38.6,34,65,52.3,61,135,45.2,180,464,38.8
Kobi Simmons,CLE,21,0,0,0.0,0,0,0.0,0,0,0.0,,,,,,,0,0,,0,0,0.0
Kosta Koufos,SAC,30,33,58,56.9,35,88,39.8,5,7,71.4,0,0,0.0,0,0,0.0,0,0,,0,0,0.0
Kostas Antetokounmpo,DAL,21,0,1,0.0,0,2,0.0,0,0,0.0,,,,0,0,0.0,0,0,,0,0,0.0
Kris Dunn,CHI,25,78,148,52.7,58,144,40.3,45,118,38.1,3,8,37.5,4,11,36.4,7,19,36.8,27,77,35.1
Kyle Anderson,MEM,25,93,142,65.5,31,66,47.0,17,34,50.0,5,14,35.7,3,7,42.9,8,21,38.1,1,13,7.7
Kyle Korver,UTA,38,15,20,75.0,7,15,46.7,41,97,42.3,26,50,52.0,18,43,41.9,44,93,47.3,94,258,36.4
Kyle Kuzma,LAL,23,245,378,64.8,84,190,44.2,39,99,39.4,17,49,34.7,13,42,31.0,30,91,33.0,98,328,29.9
Kyle Lowry,TOR,33,96,152,63.2,17,43,39.5,34,92,37.0,17,39,43.6,6,16,37.5,23,55,41.8,134,394,34.0
Kyle O'Quinn,IND,29,26,40,65.0,10,18,55.6,32,66,48.5,0,1,0.0,0,1,0.0,0,2,0.0,1,10,10.0
Kyrie Irving,BOS,27,204,328,62.2,86,198,43.4,140,282,49.6,13,31,41.9,10,26,38.5,23,57,40.4,151,375,40.3
LaMarcus Aldridge,SAS,33,284,411,69.1,133,294,45.2,257,572,44.9,1,2,50.0,0,2,0.0,1,4,25.0,9,38,23.7
Lance Stephenson,LAL,28,69,121,57.0,7,28,25.0,35,86,40.7,7,20,35.0,20,37,54.1,27,57,47.4,46,136,33.8
Lance Thomas,NYK,31,29,47,61.7,9,28,32.1,18,43,41.9,8,27,29.6,5,19,26.3,13,46,28.3,9,33,27.3
Landry Shamet,LAC,22,45,85,52.9,11,24,45.8,17,52,32.7,22,44,50.0,17,39,43.6,39,83,47.0,128,313,40.9
Langston Galloway,DET,27,34,68,50.0,25,63,39.7,34,76,44.7,27,74,36.5,33,76,43.4,60,150,40.0,75,230,32.6
Larry Nance Jr.,CLE,26,171,242,70.7,26,73,35.6,19,66,28.8,3,11,27.3,2,7,28.6,5,18,27.8,28,79,35.4
Lauri Markkanen,CHI,22,120,199,60.3,67,161,41.6,35,104,33.7,7,19,36.8,7,19,36.8,14,38,36.8,106,291,36.4
LeBron James,LAL,34,335,471,71.1,37,122,30.3,75,174,43.1,4,15,26.7,5,12,41.7,9,27,33.3,102,301,33.9
Lonnie Walker IV,SAS,20,7,14,50.0,1,5,20.0,3,14,21.4,0,0,0.0,1,1,100,1,1,100,4,12,33.3
Lonzo Ball,LAL,21,90,155,58.1,9,42,21.4,11,31,35.5,4,20,20.0,5,22,22.7,9,42,21.4,66,184,35.9
Lorenzo Brown,TOR,28,10,26,38.5,4,10,40.0,3,7,42.9,2,6,33.3,1,3,33.3,3,9,33.3,3,17,17.6
Lou Williams,LAC,32,157,295,53.2,108,240,45.0,114,312,36.5,8,22,36.4,7,13,53.8,15,35,42.9,90,256,35.2
Luc Mbah a Moute,LAC,32,4,10,40.0,1,1,100,1,1,100,0,0,0.0,0,3,0.0,0,3,0.0,2,3,66.7
Luka Doncic,DAL,20,186,300,62.0,101,240,42.1,51,133,38.3,10,20,50.0,7,13,53.8,17,33,51.5,150,466,32.2
Luke Kennard,DET,23,40,62,64.5,29,66,43.9,53,123,43.1,12,25,48.0,12,28,42.9,24,53,45.3,82,214,38.3
Luke Kornet,NYK,23,24,42,57.1,6,21,28.6,7,28,25.0,7,14,50.0,6,13,46.2,13,27,48.1,57,165,34.5
Luol Deng,MIN,34,33,46,71.7,5,10,50.0,7,18,38.9,2,9,22.2,7,11,63.6,9,20,45.0,5,23,21.7
Malachi Richardson,TOR,23,1,2,50.0,0,1,0.0,0,1,0.0,4,10,40.0,0,2,0.0,4,12,33.3,4,13,30.8
Malcolm Brogdon,MIL,26,240,397,60.5,19,70,27.1,15,37,40.5,10,24,41.7,14,24,58.3,24,48,50.0,80,196,40.8
Malcolm Miller,TOR,26,0,3,0.0,0,1,0.0,1,1,100,3,5,60.0,2,3,66.7,5,8,62.5,5,13,38.5
Malik Beasley,DEN,22,116,175,66.3,34,75,45.3,38,87,43.7,21,55,38.2,16,28,57.1,37,83,44.6,124,316,39.2
Malik Monk,CHA,21,77,126,61.1,14,55,25.5,27,75,36.0,7,34,20.6,14,37,37.8,21,71,29.6,88,253,34.8
MarShon Brooks,MEM,30,33,43,76.7,17,42,40.5,11,30,36.7,1,4,25.0,1,2,50.0,2,6,33.3,13,48,27.1
Marc Gasol,TOR,34,102,161,63.4,97,239,40.6,92,196,46.9,2,4,50.0,0,3,0.0,2,7,28.6,97,267,36.3
Marcin Gortat,LAC,35,67,107,62.6,26,63,41.3,6,16,37.5,0,0,0.0,0,0,0.0,0,0,,0,0,0.0
Marco Belinelli,SAS,33,47,83,56.6,28,58,48.3,63,154,40.9,14,34,41.2,14,37,37.8,28,71,39.4,119,320,37.2
Marcus Derrickson,GSW,23,2,3,66.7,0,2,0.0,4,8,50.0,1,1,100,1,4,25.0,2,5,40.0,8,15,53.3
Marcus Morris Sr.,BOS,29,109,174,62.6,45,106,42.5,77,175,44.0,10,38,26.3,5,29,17.2,15,67,22.4,131,318,41.2
Marcus Smart,BOS,25,72,112,64.3,26,68,38.2,15,41,36.6,19,46,41.3,16,47,34.0,35,93,37.6,91,253,36.0
Mario Hezonja,NYK,24,95,173,54.9,24,68,35.3,30,71,42.3,2,17,11.8,1,10,10.0,3,27,11.1,39,125,31.2
Markelle Fultz,ORL,21,36,60,60.0,15,40,37.5,10,41,24.4,1,4,25.0,1,2,50.0,2,6,33.3,2,6,33.3
Markieff Morris,OKC,29,72,119,60.5,31,80,38.8,33,82,40.2,8,26,30.8,8,29,27.6,16,55,29.1,52,147,35.4
Marquese Chriss,CLE,21,43,82,52.4,7,22,31.8,1,4,25.0,6,14,42.9,1,12,8.3,7,26,26.9,9,46,19.6
Marvin Bagley III,SAC,20,190,288,66.0,91,202,45.0,45,120,37.5,1,9,11.1,3,12,25.0,4,21,19.0,26,74,35.1
Marvin Williams,CHA,33,73,123,59.3,48,113,42.5,14,34,41.2,36,86,41.9,16,41,39.0,52,127,40.9,88,254,34.6
Mason Plumlee,DEN,29,212,298,71.1,41,108,38.0,7,26,26.9,0,0,0.0,0,1,0.0,0,1,0.0,2,6,33.3
Matthew Dellavedova,CLE,28,19,34,55.9,27,60,45.0,8,18,44.4,1,5,20.0,0,3,0.0,1,8,12.5,43,118,36.4
Maurice Harkless,POR,26,141,219,64.4,11,34,32.4,4,16,25.0,6,21,28.6,6,19,31.6,12,40,30.0,21,77,27.3
Maxi Kleber,DAL,27,69,104,66.3,17,34,50.0,12,30,40.0,16,38,42.1,6,33,18.2,22,71,31.0,55,147,37.4
Melvin Frazier Jr.,ORL,22,5,7,71.4,1,5,20.0,1,3,33.3,0,2,0.0,0,1,0.0,0,3,0.0,0,3,0.0
Meyers Leonard,POR,27,63,85,74.1,12,27,44.4,7,19,36.8,5,9,55.6,2,6,33.3,7,15,46.7,43,95,45.3
Michael Beasley,LAL,30,50,72,69.4,16,46,34.8,6,18,33.3,1,2,50.0,1,6,16.7,2,8,25.0,1,9,11.1
Michael Carter-Williams,ORL,27,23,47,48.9,13,35,37.1,0,3,0.0,3,5,60.0,2,8,25.0,5,13,38.5,5,25,20.0
Michael Kidd-Gilchrist,CHA,25,95,164,57.9,24,69,34.8,23,53,43.4,5,12,41.7,8,17,47.1,13,29,44.8,3,14,21.4
Mikal Bridges,PHX,22,111,174,63.8,16,48,33.3,10,30,33.3,23,58,39.7,21,81,25.9,44,139,31.7,61,171,35.7
Mike Conley,MEM,31,137,249,55.0,111,248,44.8,87,197,44.2,11,25,44.0,14,30,46.7,25,55,45.5,130,369,35.2
Mike Muscala,LAL,27,35,58,60.3,6,18,33.3,15,29,51.7,11,26,42.3,5,28,17.9,16,54,29.6,73,201,36.3
Mike Scott,PHI,30,31,62,50.0,18,60,30.0,19,47,40.4,17,36,47.2,13,33,39.4,30,69,43.5,70,179,39.1
Miles Bridges,CHA,21,146,228,64.0,18,52,34.6,8,32,25.0,13,35,37.1,17,43,39.5,30,78,38.5,35,113,31.0
Miles Plumlee,ATL,30,25,35,71.4,7,11,63.6,0,2,0.0,0,0,0.0,0,0,0.0,0,0,,0,0,0.0
Milos Teodosic,LAC,32,3,4,75.0,1,4,25.0,3,5,60.0,1,2,50.0,1,2,50.0,2,4,50.0,8,22,36.4
Mitchell Creek,MIN,27,7,12,58.3,1,1,100,0,1,0.0,0,1,0.0,0,0,0.0,0,1,0.0,0,1,0.0
Mitchell Robinson,NYK,21,197,278,70.9,4,10,40.0,1,3,33.3,0,0,0.0,0,0,0.0,0,0,,0,0,0.0
Mo Bamba,ORL,21,68,92,73.9,9,30,30.0,19,51,37.3,5,12,41.7,1,7,14.3,6,19,31.6,15,50,30.0
Monte Morris,DEN,24,92,154,59.7,99,185,53.5,63,138,45.7,15,40,37.5,14,28,50.0,29,68,42.6,63,156,40.4
Montrezl Harrell,LAC,25,457,647,70.6,73,188,38.8,13,36,36.1,0,1,0.0,0,0,0.0,0,1,0.0,3,13,23.1
Moritz Wagner,LAL,22,39,69,56.5,8,19,42.1,2,6,33.3,0,3,0.0,0,1,0.0,0,4,0.0,22,73,30.1
Myles Turner,IND,23,144,216,66.7,59,124,47.6,101,245,41.2,6,9,66.7,4,7,57.1,10,16,62.5,66,179,36.9
Naz Mitrou-Long,UTA,25,4,9,44.4,0,0,0.0,0,0,0.0,0,1,0.0,0,1,0.0,0,2,0.0,2,9,22.2
Nemanja Bjelica,SAC,31,134,222,60.4,40,92,43.5,7,22,31.8,9,27,33.3,5,22,22.7,14,49,28.6,89,208,42.8
Nene,HOU,36,38,55,69.1,8,26,30.8,14,32,43.8,0,0,0.0,0,0,0.0,0,0,,0,3,0.0
Nerlens Noel,OKC,25,124,173,71.7,23,66,34.8,15,37,40.5,0,0,0.0,0,0,0.0,0,0,,0,0,0.0
Nick Young,DEN,34,0,0,0.0,0,1,0.0,0,0,0.0,0,1,0.0,0,1,0.0,0,2,0.0,3,6,50.0
Nicolas Batum,CHA,30,80,126,63.5,25,49,51.0,32,90,35.6,19,53,35.8,24,44,54.5,43,97,44.3,73,199,36.7
Nik Stauskas,CLE,25,37,77,48.1,11,28,39.3,18,45,40.0,10,21,47.6,6,23,26.1,16,44,36.4,54,143,37.8
Nikola Jokic,DEN,24,310,466,66.5,161,316,50.9,62,154,40.3,1,2,50.0,1,4,25.0,2,6,33.3,81,260,31.2
Nikola Mirotic,MIL,28,75,117,64.1,22,37,59.5,25,70,35.7,12,31,38.7,9,22,40.9,21,53,39.6,95,263,36.1
Nikola Vucevic,ORL,28,296,431,68.7,195,403,48.4,126,289,43.6,0,1,0.0,1,2,50.0,1,3,33.3,83,227,36.6
Noah Vonleh,NYK,23,106,185,57.3,45,90,50.0,10,28,35.7,2,6,33.3,5,12,41.7,7,18,38.9,39,119,32.8
Norman Powell,TOR,26,100,161,62.1,17,37,45.9,9,33,27.3,15,34,44.1,11,21,52.4,26,55,47.3,41,111,36.9
OG Anunoby,TOR,21,103,160,64.4,6,25,24.0,7,17,41.2,15,49,30.6,13,51,25.5,28,100,28.0,39,102,38.2
Okaro White,WAS,26,0,0,0.0,0,0,0.0,0,0,0.0,0,0,0.0,0,1,0.0,0,1,0.0,0,1,0.0
Omari Spellman,ATL,21,47,90,52.2,3,16,18.8,4,10,40.0,7,21,33.3,13,26,50.0,20,47,42.6,24,81,29.6
Omri Casspi,MEM,31,61,84,72.6,9,31,29.0,1,3,33.3,2,3,66.7,0,4,0.0,2,7,28.6,13,36,36.1
Otto Porter Jr.,CHI,26,74,114,64.9,45,78,57.7,76,195,39.0,16,39,41.0,16,35,45.7,32,74,43.2,72,182,39.6
P.J. Tucker,HOU,34,44,89,49.4,13,38,34.2,4,12,33.3,39,115,33.9,70,162,43.2,109,277,39.4,37,106,34.9
PJ Dozier,BOS,22,6,7,85.7,0,4,0.0,0,2,0.0,0,0,0.0,1,2,50.0,1,2,50.0,1,6,16.7
Pascal Siakam,TOR,25,322,456,70.6,97,227,42.7,21,48,43.8,35,80,43.8,27,69,39.1,62,149,41.6,17,63,27.0
Pat Connaughton,MIL,26,83,118,70.3,8,22,36.4,6,10,60.0,7,21,33.3,5,16,31.3,12,37,32.4,54,163,33.1
Patrick Beverley,LAC,30,52,108,48.1,27,76,35.5,3,11,27.3,11,27,40.7,19,33,57.6,30,60,50.0,82,221,37.1
Patrick McCaw,TOR,23,14,24,58.3,2,8,25.0,1,4,25.0,6,9,66.7,1,3,33.3,7,12,58.3,2,15,13.3
Patrick Patterson,OKC,30,20,38,52.6,10,26,38.5,7,19,36.8,7,17,41.2,8,30,26.7,15,47,31.9,30,89,33.7
Patty Mills,SAS,30,64,101,63.4,14,28,50.0,45,131,34.4,22,45,48.9,21,46,45.7,43,91,47.3,116,311,37.3
Pau Gasol,MIL,38,19,36,52.8,9,24,37.5,8,21,38.1,0,2,0.0,0,1,0.0,0,3,0.0,6,10,60.0
Paul George,OKC,29,222,374,59.4,63,170,37.1,130,313,41.5,19,47,40.4,29,65,44.6,48,112,42.9,242,637,38.0
Paul Millsap,DEN,34,167,270,61.9,63,156,40.4,34,80,42.5,4,15,26.7,11,20,55.0,15,35,42.9,42,123,34.1
Quincy Acy,PHX,28,2,2,100,0,1,0.0,0,0,0.0,0,2,0.0,1,3,33.3,1,5,20.0,1,10,10.0
Quincy Pondexter,SAS,31,17,27,63.0,4,9,44.4,2,4,50.0,2,5,40.0,1,4,25.0,3,9,33.3,3,9,33.3
Quinn Cook,GSW,26,45,82,54.9,23,52,44.2,55,105,52.4,14,25,56.0,5,18,27.8,19,43,44.2,62,156,39.7
RJ Hunter,BOS,25,1,2,50.0,0,0,0.0,1,1,100,0,0,0.0,0,0,0.0,0,0,,4,10,40.0
Rajon Rondo,LAL,33,88,177,49.7,21,67,31.3,15,46,32.6,1,10,10.0,5,14,35.7,6,24,25.0,45,117,38.5
Raul Neto,UTA,27,35,55,63.6,15,34,44.1,4,12,33.3,3,9,33.3,5,14,35.7,8,23,34.8,12,37,32.4
Rawle Alkins,CHI,21,8,19,42.1,2,8,25.0,0,0,0.0,1,2,50.0,1,2,50.0,2,4,50.0,1,8,12.5
Ray Spalding,PHX,22,18,30,60.0,6,12,50.0,1,2,50.0,0,0,0.0,0,1,0.0,0,1,0.0,0,2,0.0
Raymond Felton,OKC,35,10,18,55.6,11,24,45.8,14,32,43.8,1,5,20.0,3,6,50.0,4,11,36.4,16,49,32.7
Reggie Bullock,LAL,28,47,79,59.5,9,45,20.0,41,77,53.2,28,66,42.4,15,39,38.5,43,105,41.0,105,288,36.5
Reggie Jackson,DET,29,98,186,52.7,96,221,43.4,73,170,42.9,21,46,45.7,13,38,34.2,34,84,40.5,140,382,36.6
Richaun Holmes,PHX,25,179,249,71.9,41,104,39.4,2,12,16.7,0,0,0.0,0,0,0.0,0,0,,0,0,0.0
Ricky Rubio,UTA,28,110,196,56.1,35,98,35.7,71,183,38.8,20,53,37.7,8,24,33.3,28,77,36.4,51,175,29.1
Robert Covington,MIN,28,47,71,66.2,10,30,33.3,15,37,40.5,4,13,30.8,9,17,52.9,13,30,43.3,71,194,36.6
Robert Williams III,BOS,21,35,46,76.1,0,1,0.0,1,4,25.0,0,0,0.0,0,0,0.0,0,0,,0,0,0.0
Robin Lopez,CHI,31,164,239,68.6,117,213,54.9,16,52,30.8,0,1,0.0,0,0,0.0,0,1,0.0,7,30,23.3
Rodions Kurucs,BKN,21,130,214,60.7,9,36,25.0,6,16,37.5,10,25,40.0,6,19,31.6,16,44,36.4,41,135,30.4
Rodney Hood,POR,26,59,96,61.5,63,145,43.4,87,195,44.6,13,39,33.3,14,28,50.0,27,67,40.3,56,167,33.5
Rodney McGruder,LAC,27,59,103,57.3,41,112,36.6,7,21,33.3,14,40,35.0,16,45,35.6,30,85,35.3,49,139,35.3
Ron Baker,WAS,26,2,5,40.0,0,0,0.0,1,2,50.0,0,3,0.0,0,2,0.0,0,5,0.0,1,8,12.5
Rondae Hollis-Jefferson,BKN,24,141,271,52.0,38,121,31.4,12,46,26.1,6,23,26.1,2,12,16.7,8,35,22.9,1,14,7.1
Royce O'Neale,UTA,26,85,127,66.9,8,30,26.7,2,10,20.0,16,39,41.0,16,41,39.0,32,80,40.0,36,91,39.6
Rudy Gay,SAS,32,109,173,63.0,84,180,46.7,109,209,52.2,12,23,52.2,17,38,44.7,29,61,47.5,45,121,37.2
Rudy Gobert,UTA,27,449,626,71.7,26,75,34.7,1,11,9.1,0,0,0.0,0,0,0.0,0,0,,0,0,0.0
Russell Westbrook,OKC,30,349,553,63.1,49,155,31.6,113,355,31.8,12,35,34.3,7,16,43.8,19,51,37.3,100,359,27.9
Ryan Anderson,MIA,31,7,14,50.0,0,1,0.0,5,14,35.7,0,3,0.0,1,4,25.0,1,7,14.3,8,32,25.0
Ryan Arcidiacono,CHI,25,45,79,57.0,44,83,53.0,17,39,43.6,9,27,33.3,14,26,53.8,23,53,43.4,58,164,35.4
Ryan Broekhoff,DAL,28,14,21,66.7,2,5,40.0,3,7,42.9,8,15,53.3,8,15,53.3,16,30,53.3,22,62,35.5
Salah Mejri,DAL,33,37,57,64.9,7,16,43.8,0,5,0.0,0,1,0.0,2,3,66.7,2,4,50.0,9,30,30.0
Sam Dekker,WAS,25,91,142,64.1,4,29,13.8,6,23,26.1,3,11,27.3,4,6,66.7,7,17,41.2,12,45,26.7
Scott Machado,LAL,29,3,4,75.0,0,0,0.0,0,1,0.0,0,0,0.0,,,,0,0,,1,1,100
Semi Ojeleye,BOS,24,32,44,72.7,4,11,36.4,3,14,21.4,8,17,47.1,4,17,23.5,12,34,35.3,16,54,29.6
Serge Ibaka,TOR,29,196,266,73.7,111,222,50.0,108,220,49.1,4,12,33.3,2,7,28.6,6,19,31.6,43,150,28.7
Seth Curry,POR,28,32,59,54.2,20,38,52.6,47,117,40.2,16,25,64.0,10,28,35.7,26,53,49.1,87,198,43.9
Shabazz Napier,BKN,27,54,100,54.0,15,48,31.3,25,61,41.0,9,19,47.4,1,10,10.0,10,29,34.5,65,196,33.2
Shai Gilgeous-Alexander,LAC,20,155,253,61.3,63,169,37.3,72,156,46.2,12,32,37.5,14,34,41.2,26,66,39.4,25,71,35.2
Shake Milton,PHI,22,12,20,60.0,3,12,25.0,5,11,45.5,4,9,44.4,1,6,16.7,5,15,33.3,9,29,31.0
Shaquille Harrison,CHI,25,137,249,55.0,21,73,28.8,2,15,13.3,6,20,30.0,3,12,25.0,9,32,28.1,15,54,27.8
Shaun Livingston,GSW,33,46,72,63.9,35,69,50.7,28,67,41.8,0,0,0.0,0,0,0.0,0,0,,0,0,0.0
Shelvin Mack,CHA,29,69,122,56.6,30,82,36.6,18,69,26.1,4,12,33.3,2,12,16.7,6,24,25.0,40,106,37.7
Sindarius Thornwell,LAC,24,9,20,45.0,5,14,35.7,0,0,0.0,0,4,0.0,1,3,33.3,1,7,14.3,2,8,25.0
Skal Labissiere,POR,23,13,21,61.9,3,8,37.5,4,7,57.1,0,1,0.0,0,0,0.0,0,1,0.0,6,12,50.0
Solomon Hill,NOP,28,28,47,59.6,5,19,26.3,3,11,27.3,8,21,38.1,6,16,37.5,14,37,37.8,18,63,28.6
Spencer Dinwiddie,BKN,26,173,270,64.1,51,141,36.2,19,47,40.4,7,24,29.2,20,43,46.5,27,67,40.3,95,298,31.9
Stanley Johnson,NOP,23,64,126,50.8,33,65,50.8,12,34,35.3,10,33,30.3,13,43,30.2,23,76,30.3,39,136,28.7
Stephen Curry,GSW,31,147,234,62.8,46,100,46.0,85,196,43.4,41,77,53.2,26,56,46.4,67,133,50.4,286,666,42.9
Sterling Brown,MIL,24,77,129,59.7,8,20,40.0,7,17,41.2,14,26,53.8,15,31,48.4,29,57,50.9,24,87,27.6
Steven Adams,OKC,25,366,559,65.5,100,223,44.8,15,25,60.0,0,0,0.0,0,0,0.0,0,0,,0,0,0.0
Svi Mykhailiuk,DET,22,10,23,43.5,1,7,14.3,6,21,28.6,5,18,27.8,5,9,55.6,10,27,37.0,19,62,30.6
T.J. McConnell,PHI,27,73,106,68.9,61,138,44.2,72,133,54.1,3,9,33.3,5,14,35.7,8,23,34.8,6,19,31.6
T.J. Warren,PHX,25,127,198,64.1,57,130,43.8,36,103,35.0,18,36,50.0,8,21,38.1,26,57,45.6,51,123,41.5
TJ Leaf,IND,22,64,87,73.6,22,49,44.9,5,16,31.3,1,5,20.0,1,4,25.0,2,9,22.2,6,22,27.3
Tahjere McCall,BKN,24,2,2,100,0,0,0.0,0,0,0.0,,,,0,1,0.0,0,1,0.0,0,0,0.0
Taj Gibson,MIN,34,222,335,66.3,42,103,40.8,29,66,43.9,5,17,29.4,5,9,55.6,10,26,38.5,1,6,16.7
Taurean Prince,ATL,25,77,119,64.7,31,84,36.9,31,76,40.8,23,54,42.6,28,64,43.8,51,118,43.2,72,194,37.1
Terrance Ferguson,OKC,21,67,93,72.0,3,17,17.6,9,34,26.5,29,88,33.0,33,67,49.3,62,155,40.0,44,132,33.3
Terrence Jones,HOU,27,1,2,50.0,0,0,0.0,0,0,0.0,,,,0,0,0.0,0,0,,0,2,0.0
Terrence Ross,ORL,28,52,81,64.2,30,56,53.6,141,324,43.5,14,36,38.9,12,22,54.5,26,58,44.8,191,501,38.1
Terry Rozier,BOS,25,77,136,56.6,39,106,36.8,23,88,26.1,22,44,50.0,5,25,20.0,27,69,39.1,92,267,34.5
Thabo Sefolosha,UTA,35,26,44,59.1,5,12,41.7,6,15,40.0,9,25,36.0,12,22,54.5,21,47,44.7,13,31,41.9
Thaddeus Young,IND,31,288,442,65.2,93,199,46.7,11,54,20.4,17,46,37.0,6,20,30.0,23,66,34.8,28,78,35.9
Theo Pinson,BKN,23,12,17,70.6,0,6,0.0,1,4,25.0,0,2,0.0,1,1,100,1,3,33.3,11,42,26.2
Thomas Bryant,WAS,21,218,273,79.9,27,60,45.0,31,70,44.3,1,5,20.0,1,6,16.7,2,11,18.2,31,88,35.2
Thomas Welsh,DEN,23,1,1,100,1,1,100,2,4,50.0,0,0,0.0,0,0,0.0,0,0,,3,7,42.9
Thon Maker,DET,22,48,79,60.8,8,20,40.0,4,16,25.0,13,33,39.4,12,35,34.3,25,68,36.8,24,85,28.2
Tim Frazier,MIL,28,49,84,58.3,15,33,45.5,15,43,34.9,4,13,30.8,7,11,63.6,11,24,45.8,26,77,33.8
Tim Hardaway Jr.,DAL,27,103,186,55.4,41,130,31.5,84,200,42.0,5,17,29.4,15,43,34.9,20,60,33.3,142,415,34.2
Timothe Luwawu-Cabarrot,CHI,24,39,70,55.7,1,11,9.1,6,21,28.6,9,23,39.1,10,25,40.0,19,48,39.6,17,67,25.4
Tobias Harris,PHI,26,216,349,61.9,138,282,48.9,101,231,43.7,16,34,47.1,16,35,45.7,32,69,46.4,124,320,38.8
Tomas Satoransky,WAS,27,125,192,65.1,45,107,42.1,23,69,33.3,4,23,17.4,14,24,58.3,18,47,38.3,46,113,40.7
Tony Bradley,UTA,21,8,14,57.1,0,1,0.0,0,1,0.0,0,0,0.0,0,0,0.0,0,0,,0,0,0.0
Tony Parker,CHA,37,87,160,54.4,47,92,51.1,66,160,41.3,0,2,0.0,3,6,50.0,3,8,37.5,10,41,24.4
Tony Snell,MIL,27,67,103,65.0,7,29,24.1,8,25,32.0,18,40,45.0,10,26,38.5,28,66,42.4,53,137,38.7
Torrey Craig,DEN,28,84,129,65.1,9,27,33.3,6,19,31.6,14,40,35.0,15,41,36.6,29,81,35.8,32,106,30.2
Trae Young,ATL,20,200,377,53.1,121,258,46.9,48,139,34.5,3,7,42.9,4,11,36.4,7,18,38.9,149,463,32.2
Treveon Graham,BKN,25,12,23,52.2,9,26,34.6,6,15,40.0,8,21,38.1,0,20,0.0,8,41,19.5,29,86,33.7
Trevon Duval,HOU,20,1,1,100,0,0,0.0,0,1,0.0,1,1,100,,,,1,1,100,0,0,0.0
Trevor Ariza,WAS,33,126,221,57.0,7,43,16.3,16,38,42.1,24,52,46.2,31,83,37.3,55,135,40.7,90,298,30.2
Trey Burke,DAL,26,78,139,56.1,40,101,39.6,62,149,41.6,4,14,28.6,4,10,40.0,8,24,33.3,48,132,36.4
Trey Lyles,DEN,23,99,147,67.3,35,97,36.1,22,51,43.1,9,26,34.6,5,10,50.0,14,36,38.9,37,162,22.8
Tristan Thompson,CLE,28,117,198,59.1,72,151,47.7,12,31,38.7,0,0,0.0,0,0,0.0,0,0,,0,0,0.0
Troy Brown Jr.,WAS,19,48,74,64.9,13,50,26.0,14,41,34.1,3,9,33.3,4,8,50.0,7,17,41.2,15,51,29.4
Troy Caupain,ORL,23,0,1,0.0,1,1,100,1,3,33.3,,,,0,0,0.0,0,0,,2,3,66.7
Troy Daniels,PHX,27,10,24,41.7,11,19,57.9,18,38,47.4,11,22,50.0,11,21,52.4,22,43,51.2,52,151,34.4
Troy Williams,SAC,24,25,38,65.8,4,11,36.4,1,5,20.0,0,2,0.0,2,6,33.3,2,8,25.0,12,35,34.3
Tyler Cavanaugh,UTA,25,2,3,66.7,0,2,0.0,0,0,0.0,0,2,0.0,0,1,0.0,0,3,0.0,1,2,50.0
Tyler Davis,OKC,22,0,1,0.0,0,0,0.0,,,,,,,,,,0,0,,,,
Tyler Dorsey,MEM,23,40,70,57.1,11,27,40.7,12,35,34.3,6,14,42.9,3,15,20.0,9,29,31.0,35,103,34.0
Tyler Johnson,PHX,27,72,114,63.2,41,101,40.6,15,52,28.8,9,24,37.5,6,29,20.7,15,53,28.3,74,206,35.9
Tyler Lydon,DEN,23,5,7,71.4,0,1,0.0,0,0,0.0,1,2,50.0,1,2,50.0,2,4,50.0,2,6,33.3
Tyler Ulis,CHI,23,,,,0,0,0.0,0,0,0.0,,,,,,,0,0,,,,
Tyler Zeller,MEM,29,11,18,61.1,4,9,44.4,1,2,50.0,0,1,0.0,0,0,0.0,0,1,0.0,0,0,0.0
Tyreke Evans,IND,29,135,296,45.6,14,52,26.9,31,96,32.3,0,10,0.0,8,17,47.1,8,27,29.6,69,189,36.5
Tyrone Wallace,LAC,25,44,91,48.4,34,90,37.8,10,17,58.8,2,6,33.3,1,3,33.3,3,9,33.3,1,10,10.0
Tyson Chandler,LAL,36,58,90,64.4,3,7,42.9,0,1,0.0,0,0,0.0,0,0,0.0,0,0,,0,1,0.0
Tyus Jones,MIN,23,59,107,55.1,53,123,43.1,33,90,36.7,3,13,23.1,9,16,56.3,12,29,41.4,28,96,29.2
Udonis Haslem,MIA,39,5,7,71.4,1,4,25.0,5,10,50.0,0,0,0.0,0,2,0.0,0,2,0.0,0,10,0.0
Victor Oladipo,IND,27,83,145,57.2,21,60,35.0,71,167,42.5,2,5,40.0,4,15,26.7,6,20,30.0,68,195,34.9
Vince Carter,ATL,42,46,78,59.0,12,31,38.7,16,44,36.4,10,23,43.5,15,31,48.4,25,54,46.3,97,258,37.6
Vincent Edwards,HOU,23,0,0,0.0,0,0,0.0,0,0,0.0,1,2,50.0,0,1,0.0,1,3,33.3,0,1,0.0
Wade Baldwin IV,POR,23,5,12,41.7,1,6,16.7,2,7,28.6,1,1,100,0,0,0.0,1,1,100,1,7,14.3
Walt Lemon Jr.,CHI,26,26,52,50.0,4,12,33.3,6,18,33.3,0,0,0.0,0,0,0.0,0,0,,2,5,40.0
Wayne Ellington,DET,31,31,45,68.9,9,20,45.0,6,20,30.0,18,52,34.6,23,52,44.2,41,104,39.4,97,268,36.2
Wayne Selden,CHI,24,66,128,51.6,37,100,37.0,39,82,47.6,8,25,32.0,9,17,52.9,17,42,40.5,37,131,28.2
Wendell Carter Jr.,CHI,20,108,163,66.3,34,85,40.0,32,91,35.2,2,10,20.0,0,4,0.0,2,14,14.3,4,18,22.2
Wes Iwundu,ORL,24,55,104,52.9,10,35,28.6,20,57,35.1,4,18,22.2,5,13,38.5,9,31,29.0,19,46,41.3
Wesley Johnson,WAS,31,10,13,76.9,2,6,33.3,9,34,26.5,6,25,24.0,3,18,16.7,9,43,20.9,15,32,46.9
Wesley Matthews,IND,32,63,102,61.8,31,111,27.9,35,82,42.7,22,50,44.0,14,35,40.0,36,85,42.4,114,317,36.0
Will Barton,DEN,28,64,117,54.7,34,93,36.6,20,55,36.4,4,12,33.3,5,14,35.7,9,26,34.6,58,167,34.7
Willie Cauley-Stein,SAC,25,335,508,65.9,45,147,30.6,31,84,36.9,0,0,0.0,0,0,0.0,0,0,,1,1,100
Willy Hernangomez,CHA,25,107,184,58.2,26,58,44.8,5,14,35.7,0,1,0.0,2,4,50.0,2,5,40.0,13,34,38.2
Wilson Chandler,LAC,32,31,55,56.4,13,30,43.3,11,31,35.5,4,16,25.0,13,32,40.6,17,48,35.4,42,109,38.5
Yante Maten,MIA,22,0,2,0.0,1,1,100,0,0,0.0,0,0,0.0,0,0,0.0,0,0,,0,1,0.0
Yogi Ferrell,SAC,26,44,78,56.4,22,46,47.8,33,79,41.8,9,17,52.9,1,10,10.0,10,27,37.0,44,119,37.0
Yuta Watanabe,MEM,24,7,11,63.6,4,14,28.6,2,10,20.0,0,5,0.0,1,1,100,1,6,16.7,1,10,10.0
Zach Collins,POR,21,117,187,62.6,22,48,45.8,10,44,22.7,3,7,42.9,0,4,0.0,3,11,27.3,37,110,33.6
Zach LaVine,CHI,24,305,494,61.7,32,116,27.6,73,204,35.8,14,27,51.9,6,14,42.9,20,41,48.8,100,278,36.0
Zach Lofton,DET,26,0,0,0.0,0,0,0.0,0,0,0.0,,,,,,,0,0,,0,1,0.0
Zaza Pachulia,DET,35,63,117,53.8,5,27,18.5,17,45,37.8,0,0,0.0,0,0,0.0,0,0,,0,0,0.0
Zhaire Smith,PHI,20,6,12,50.0,1,1,100,1,5,20.0,0,2,0.0,0,2,0.0,0,4,0.0,6,12,50.0
Zhou Qi,HOU,23,1,1,100,0,0,0.0,,,,,,,,,,0,0,,0,0,0.0